,Pclass,Age,SibSp,Parch,Fare,Name,Sex,Cabin,Survived
0,3.0,22.0,1.0,0.0,7.25,0,0,3,0
1,1.0,38.0,1.0,0.0,71.2833,1,1,0,1
2,3.0,26.0,0.0,0.0,7.925,2,1,3,1
3,1.0,35.0,1.0,0.0,53.1,3,1,1,1
4,3.0,35.0,0.0,0.0,8.05,4,0,3,0
5,3.0,28.0,0.0,0.0,8.4583,5,0,3,0
6,1.0,54.0,0.0,0.0,51.8625,6,0,2,0
7,3.0,2.0,3.0,1.0,21.075,7,0,3,0
8,3.0,27.0,0.0,2.0,11.1333,8,1,3,1
9,2.0,14.0,1.0,0.0,30.0708,9,1,3,1
10,3.0,4.0,1.0,1.0,16.7,10,1,3,1
11,1.0,58.0,0.0,0.0,26.55,11,1,4,1
12,3.0,20.0,0.0,0.0,8.05,12,0,3,0
13,3.0,39.0,1.0,5.0,31.275,13,0,3,0
14,3.0,14.0,0.0,0.0,7.8542,14,1,3,0
15,2.0,55.0,0.0,0.0,16.0,15,1,3,1
16,3.0,2.0,4.0,1.0,29.125,16,0,3,0
17,2.0,28.0,0.0,0.0,13.0,17,0,3,1
18,3.0,31.0,1.0,0.0,18.0,18,1,3,0
19,3.0,28.0,0.0,0.0,7.225,19,1,3,1
20,2.0,35.0,0.0,0.0,26.0,20,0,3,0
21,2.0,34.0,0.0,0.0,13.0,21,0,5,1
22,3.0,15.0,0.0,0.0,8.0292,22,1,3,1
23,1.0,28.0,0.0,0.0,35.5,23,0,6,1
24,3.0,8.0,3.0,1.0,21.075,24,1,3,0
25,3.0,38.0,1.0,5.0,31.3875,25,1,3,1
26,3.0,28.0,0.0,0.0,7.225,26,0,3,0
27,1.0,19.0,3.0,2.0,263.0,27,0,7,0
28,3.0,28.0,0.0,0.0,7.8792,28,1,3,1
29,3.0,28.0,0.0,0.0,7.8958,29,0,3,0
30,1.0,40.0,0.0,0.0,27.7208,30,0,3,0
31,1.0,28.0,1.0,0.0,146.5208,31,1,8,1
32,3.0,28.0,0.0,0.0,7.75,32,1,3,1
33,2.0,66.0,0.0,0.0,10.5,33,0,3,0
34,1.0,28.0,1.0,0.0,82.1708,34,0,3,0
35,1.0,42.0,1.0,0.0,52.0,35,0,3,0
36,3.0,28.0,0.0,0.0,7.2292,36,0,3,1
37,3.0,21.0,0.0,0.0,8.05,37,0,3,0
38,3.0,18.0,2.0,0.0,18.0,38,1,3,0
39,3.0,14.0,1.0,0.0,11.2417,39,1,3,1
40,3.0,40.0,1.0,0.0,9.475,40,1,3,0
41,2.0,27.0,1.0,0.0,21.0,41,1,3,0
42,3.0,28.0,0.0,0.0,7.8958,42,0,3,0
43,2.0,3.0,1.0,2.0,41.5792,43,1,3,1
44,3.0,19.0,0.0,0.0,7.8792,44,1,3,1
45,3.0,28.0,0.0,0.0,8.05,45,0,3,0
46,3.0,28.0,1.0,0.0,15.5,46,0,3,0
47,3.0,28.0,0.0,0.0,7.75,47,1,3,1
48,3.0,28.0,2.0,0.0,21.6792,48,0,3,0
49,3.0,18.0,1.0,0.0,17.8,49,1,3,0
50,3.0,7.0,4.0,1.0,39.6875,50,0,3,0
51,3.0,21.0,0.0,0.0,7.8,51,0,3,0
52,1.0,49.0,1.0,0.0,76.7292,52,1,9,1
53,2.0,29.0,1.0,0.0,26.0,53,1,3,1
54,1.0,65.0,0.0,1.0,61.9792,54,0,10,0
55,1.0,28.0,0.0,0.0,35.5,55,0,11,1
56,2.0,21.0,0.0,0.0,10.5,56,1,3,1
57,3.0,28.5,0.0,0.0,7.2292,57,0,3,0
58,2.0,5.0,1.0,2.0,27.75,58,1,3,1
59,3.0,11.0,5.0,2.0,46.9,59,0,3,0
60,3.0,22.0,0.0,0.0,7.2292,60,0,3,0
61,1.0,38.0,0.0,0.0,80.0,61,1,12,1
62,1.0,45.0,1.0,0.0,83.475,62,0,13,0
63,3.0,4.0,3.0,2.0,27.9,63,0,3,0
64,1.0,28.0,0.0,0.0,27.7208,64,0,3,0
65,3.0,28.0,1.0,1.0,15.2458,65,0,3,1
66,2.0,29.0,0.0,0.0,10.5,66,1,14,1
67,3.0,19.0,0.0,0.0,8.1583,67,0,3,0
68,3.0,17.0,4.0,2.0,7.925,68,1,3,1
69,3.0,26.0,2.0,0.0,8.6625,69,0,3,0
70,2.0,32.0,0.0,0.0,10.5,70,0,3,0
71,3.0,16.0,5.0,2.0,46.9,71,1,3,0
72,2.0,21.0,0.0,0.0,73.5,72,0,3,0
73,3.0,26.0,1.0,0.0,14.4542,73,0,3,0
74,3.0,32.0,0.0,0.0,56.4958,74,0,3,1
75,3.0,25.0,0.0,0.0,7.65,75,0,15,0
76,3.0,28.0,0.0,0.0,7.8958,76,0,3,0
77,3.0,28.0,0.0,0.0,8.05,77,0,3,0
78,2.0,0.83,0.0,2.0,29.0,78,0,3,1
79,3.0,30.0,0.0,0.0,12.475,79,1,3,1
80,3.0,22.0,0.0,0.0,9.0,80,0,3,0
81,3.0,29.0,0.0,0.0,9.5,81,0,3,1
82,3.0,28.0,0.0,0.0,7.7875,82,1,3,1
83,1.0,28.0,0.0,0.0,47.1,83,0,3,0
84,2.0,17.0,0.0,0.0,10.5,84,1,3,1
85,3.0,33.0,3.0,0.0,15.85,85,1,3,1
86,3.0,16.0,1.0,3.0,34.375,86,0,3,0
87,3.0,28.0,0.0,0.0,8.05,87,0,3,0
88,1.0,23.0,3.0,2.0,263.0,88,1,7,1
89,3.0,24.0,0.0,0.0,8.05,89,0,3,0
90,3.0,29.0,0.0,0.0,8.05,90,0,3,0
91,3.0,20.0,0.0,0.0,7.8542,91,0,3,0
92,1.0,46.0,1.0,0.0,61.175,92,0,16,0
93,3.0,26.0,1.0,2.0,20.575,93,0,3,0
94,3.0,59.0,0.0,0.0,7.25,94,0,3,0
95,3.0,28.0,0.0,0.0,8.05,95,0,3,0
96,1.0,71.0,0.0,0.0,34.6542,96,0,17,0
97,1.0,23.0,0.0,1.0,63.3583,97,0,18,1
98,2.0,34.0,0.0,1.0,23.0,98,1,3,1
99,2.0,34.0,1.0,0.0,26.0,99,0,3,0
100,3.0,28.0,0.0,0.0,7.8958,100,1,3,0
101,3.0,28.0,0.0,0.0,7.8958,101,0,3,0
102,1.0,21.0,0.0,1.0,77.2875,102,0,19,0
103,3.0,33.0,0.0,0.0,8.6542,103,0,3,0
104,3.0,37.0,2.0,0.0,7.925,104,0,3,0
105,3.0,28.0,0.0,0.0,7.8958,105,0,3,0
106,3.0,21.0,0.0,0.0,7.65,106,1,3,1
107,3.0,28.0,0.0,0.0,7.775,107,0,3,1
108,3.0,38.0,0.0,0.0,7.8958,108,0,3,0
109,3.0,28.0,1.0,0.0,24.15,109,1,3,1
110,1.0,47.0,0.0,0.0,52.0,110,0,20,0
111,3.0,14.5,1.0,0.0,14.4542,111,1,3,0
112,3.0,22.0,0.0,0.0,8.05,112,0,3,0
113,3.0,20.0,1.0,0.0,9.825,113,1,3,0
114,3.0,17.0,0.0,0.0,14.4583,114,1,3,0
115,3.0,21.0,0.0,0.0,7.925,115,0,3,0
116,3.0,70.5,0.0,0.0,7.75,116,0,3,0
117,2.0,29.0,1.0,0.0,21.0,117,0,3,0
118,1.0,24.0,0.0,1.0,247.5208,118,0,21,0
119,3.0,2.0,4.0,2.0,31.275,119,1,3,0
120,2.0,21.0,2.0,0.0,73.5,120,0,3,0
121,3.0,28.0,0.0,0.0,8.05,121,0,3,0
122,2.0,32.5,1.0,0.0,30.0708,122,0,3,0
123,2.0,32.5,0.0,0.0,13.0,123,1,22,1
124,1.0,54.0,0.0,1.0,77.2875,124,0,19,0
125,3.0,12.0,1.0,0.0,11.2417,125,0,3,1
126,3.0,28.0,0.0,0.0,7.75,126,0,3,0
127,3.0,24.0,0.0,0.0,7.1417,127,0,3,1
128,3.0,28.0,1.0,1.0,22.3583,128,1,23,1
129,3.0,45.0,0.0,0.0,6.975,129,0,3,0
130,3.0,33.0,0.0,0.0,7.8958,130,0,3,0
131,3.0,20.0,0.0,0.0,7.05,131,0,3,0
132,3.0,47.0,1.0,0.0,14.5,132,1,3,0
133,2.0,29.0,1.0,0.0,26.0,133,1,3,1
134,2.0,25.0,0.0,0.0,13.0,134,0,3,0
135,2.0,23.0,0.0,0.0,15.0458,135,0,3,0
136,1.0,19.0,0.0,2.0,26.2833,136,1,24,1
137,1.0,37.0,1.0,0.0,53.1,137,0,1,0
138,3.0,16.0,0.0,0.0,9.2167,138,0,3,0
139,1.0,24.0,0.0,0.0,79.2,139,0,25,0
140,3.0,28.0,0.0,2.0,15.2458,140,1,3,0
141,3.0,22.0,0.0,0.0,7.75,141,1,3,1
142,3.0,24.0,1.0,0.0,15.85,142,1,3,1
143,3.0,19.0,0.0,0.0,6.75,143,0,3,0
144,2.0,18.0,0.0,0.0,11.5,144,0,3,0
145,2.0,19.0,1.0,1.0,36.75,145,0,3,0
146,3.0,27.0,0.0,0.0,7.7958,146,0,3,1
147,3.0,9.0,2.0,2.0,34.375,147,1,3,0
148,2.0,36.5,0.0,2.0,26.0,148,0,26,0
149,2.0,42.0,0.0,0.0,13.0,149,0,3,0
150,2.0,51.0,0.0,0.0,12.525,150,0,3,0
151,1.0,22.0,1.0,0.0,66.6,151,1,27,1
152,3.0,55.5,0.0,0.0,8.05,152,0,3,0
153,3.0,40.5,0.0,2.0,14.5,153,0,3,0
154,3.0,28.0,0.0,0.0,7.3125,154,0,3,0
155,1.0,51.0,0.0,1.0,61.3792,155,0,3,0
156,3.0,16.0,0.0,0.0,7.7333,156,1,3,1
157,3.0,30.0,0.0,0.0,8.05,157,0,3,0
158,3.0,28.0,0.0,0.0,8.6625,158,0,3,0
159,3.0,28.0,8.0,2.0,69.55,159,0,3,0
160,3.0,44.0,0.0,1.0,16.1,160,0,3,0
161,2.0,40.0,0.0,0.0,15.75,161,1,3,1
162,3.0,26.0,0.0,0.0,7.775,162,0,3,0
163,3.0,17.0,0.0,0.0,8.6625,163,0,3,0
164,3.0,1.0,4.0,1.0,39.6875,164,0,3,0
165,3.0,9.0,0.0,2.0,20.525,165,0,3,1
166,1.0,28.0,0.0,1.0,55.0,166,1,28,1
167,3.0,45.0,1.0,4.0,27.9,167,1,3,0
168,1.0,28.0,0.0,0.0,25.925,168,0,3,0
169,3.0,28.0,0.0,0.0,56.4958,169,0,3,0
170,1.0,61.0,0.0,0.0,33.5,170,0,29,0
171,3.0,4.0,4.0,1.0,29.125,171,0,3,0
172,3.0,1.0,1.0,1.0,11.1333,172,1,3,1
173,3.0,21.0,0.0,0.0,7.925,173,0,3,0
174,1.0,56.0,0.0,0.0,30.6958,174,0,30,0
175,3.0,18.0,1.0,1.0,7.8542,175,0,3,0
176,3.0,28.0,3.0,1.0,25.4667,176,0,3,0
177,1.0,50.0,0.0,0.0,28.7125,177,1,31,0
178,2.0,30.0,0.0,0.0,13.0,178,0,3,0
179,3.0,36.0,0.0,0.0,0.0,179,0,3,0
180,3.0,28.0,8.0,2.0,69.55,180,1,3,0
181,2.0,28.0,0.0,0.0,15.05,181,0,3,0
182,3.0,9.0,4.0,2.0,31.3875,182,0,3,0
183,2.0,1.0,2.0,1.0,39.0,183,0,32,1
184,3.0,4.0,0.0,2.0,22.025,184,1,3,1
185,1.0,28.0,0.0,0.0,50.0,185,0,33,0
186,3.0,28.0,1.0,0.0,15.5,186,1,3,1
187,1.0,45.0,0.0,0.0,26.55,187,0,3,1
188,3.0,40.0,1.0,1.0,15.5,188,0,3,0
189,3.0,36.0,0.0,0.0,7.8958,189,0,3,0
190,2.0,32.0,0.0,0.0,13.0,190,1,3,1
191,2.0,19.0,0.0,0.0,13.0,191,0,3,0
192,3.0,19.0,1.0,0.0,7.8542,192,1,3,1
193,2.0,3.0,1.0,1.0,26.0,193,0,26,1
194,1.0,44.0,0.0,0.0,27.7208,194,1,34,1
195,1.0,58.0,0.0,0.0,146.5208,195,1,35,1
196,3.0,28.0,0.0,0.0,7.75,196,0,3,0
197,3.0,42.0,0.0,1.0,8.4042,197,0,3,0
198,3.0,28.0,0.0,0.0,7.75,198,1,3,1
199,2.0,24.0,0.0,0.0,13.0,199,1,3,0
200,3.0,28.0,0.0,0.0,9.5,200,0,3,0
201,3.0,28.0,8.0,2.0,69.55,201,0,3,0
202,3.0,34.0,0.0,0.0,6.4958,202,0,3,0
203,3.0,45.5,0.0,0.0,7.225,203,0,3,0
204,3.0,18.0,0.0,0.0,8.05,204,0,3,1
205,3.0,2.0,0.0,1.0,10.4625,205,1,3,0
206,3.0,32.0,1.0,0.0,15.85,206,0,3,0
207,3.0,26.0,0.0,0.0,18.7875,207,0,3,1
208,3.0,16.0,0.0,0.0,7.75,208,1,3,1
209,1.0,40.0,0.0,0.0,31.0,209,0,36,1
210,3.0,24.0,0.0,0.0,7.05,210,0,3,0
211,2.0,35.0,0.0,0.0,21.0,211,1,3,1
212,3.0,22.0,0.0,0.0,7.25,212,0,3,0
213,2.0,30.0,0.0,0.0,13.0,213,0,3,0
214,3.0,28.0,1.0,0.0,7.75,214,0,3,0
215,1.0,31.0,1.0,0.0,113.275,215,1,37,1
216,3.0,27.0,0.0,0.0,7.925,216,1,3,1
217,2.0,42.0,1.0,0.0,27.0,217,0,3,0
218,1.0,32.0,0.0,0.0,76.2917,218,1,38,1
219,2.0,30.0,0.0,0.0,10.5,219,0,3,0
220,3.0,16.0,0.0,0.0,8.05,220,0,3,1
221,2.0,27.0,0.0,0.0,13.0,221,0,3,0
222,3.0,51.0,0.0,0.0,8.05,222,0,3,0
223,3.0,28.0,0.0,0.0,7.8958,223,0,3,0
224,1.0,38.0,1.0,0.0,90.0,224,0,39,1
225,3.0,22.0,0.0,0.0,9.35,225,0,3,0
226,2.0,19.0,0.0,0.0,10.5,226,0,3,1
227,3.0,20.5,0.0,0.0,7.25,227,0,3,0
228,2.0,18.0,0.0,0.0,13.0,228,0,3,0
229,3.0,28.0,3.0,1.0,25.4667,229,1,3,0
230,1.0,35.0,1.0,0.0,83.475,230,1,13,1
231,3.0,29.0,0.0,0.0,7.775,231,0,3,0
232,2.0,59.0,0.0,0.0,13.5,232,0,3,0
233,3.0,5.0,4.0,2.0,31.3875,233,1,3,1
234,2.0,24.0,0.0,0.0,10.5,234,0,3,0
235,3.0,28.0,0.0,0.0,7.55,235,1,3,0
236,2.0,44.0,1.0,0.0,26.0,236,0,3,0
237,2.0,8.0,0.0,2.0,26.25,237,1,3,1
238,2.0,19.0,0.0,0.0,10.5,238,0,3,0
239,2.0,33.0,0.0,0.0,12.275,239,0,3,0
240,3.0,28.0,1.0,0.0,14.4542,240,1,3,0
241,3.0,28.0,1.0,0.0,15.5,241,1,3,1
242,2.0,29.0,0.0,0.0,10.5,242,0,3,0
243,3.0,22.0,0.0,0.0,7.125,243,0,3,0
244,3.0,30.0,0.0,0.0,7.225,244,0,3,0
245,1.0,44.0,2.0,0.0,90.0,245,0,40,0
246,3.0,25.0,0.0,0.0,7.775,246,1,3,0
247,2.0,24.0,0.0,2.0,14.5,247,1,3,1
248,1.0,37.0,1.0,1.0,52.5542,248,0,41,1
249,2.0,54.0,1.0,0.0,26.0,249,0,3,0
250,3.0,28.0,0.0,0.0,7.25,250,0,3,0
251,3.0,29.0,1.0,1.0,10.4625,251,1,3,0
252,1.0,62.0,0.0,0.0,26.55,252,0,42,0
253,3.0,30.0,1.0,0.0,16.1,253,0,3,0
254,3.0,41.0,0.0,2.0,20.2125,254,1,3,0
255,3.0,29.0,0.0,2.0,15.2458,255,1,3,1
256,1.0,28.0,0.0,0.0,79.2,256,1,3,1
257,1.0,30.0,0.0,0.0,86.5,257,1,43,1
258,1.0,35.0,0.0,0.0,512.3292,258,1,3,1
259,2.0,50.0,0.0,1.0,26.0,259,1,3,1
260,3.0,28.0,0.0,0.0,7.75,260,0,3,0
261,3.0,3.0,4.0,2.0,31.3875,261,0,3,1
262,1.0,52.0,1.0,1.0,79.65,262,0,44,0
263,1.0,40.0,0.0,0.0,0.0,263,0,45,0
264,3.0,28.0,0.0,0.0,7.75,264,1,3,0
265,2.0,36.0,0.0,0.0,10.5,265,0,3,0
266,3.0,16.0,4.0,1.0,39.6875,266,0,3,0
267,3.0,25.0,1.0,0.0,7.775,267,0,3,1
268,1.0,58.0,0.0,1.0,153.4625,268,1,46,1
269,1.0,35.0,0.0,0.0,135.6333,269,1,47,1
270,1.0,28.0,0.0,0.0,31.0,270,0,3,0
271,3.0,25.0,0.0,0.0,0.0,271,0,3,1
272,2.0,41.0,0.0,1.0,19.5,272,1,3,1
273,1.0,37.0,0.0,1.0,29.7,273,0,48,0
274,3.0,28.0,0.0,0.0,7.75,274,1,3,1
275,1.0,63.0,1.0,0.0,77.9583,275,1,49,1
276,3.0,45.0,0.0,0.0,7.75,276,1,3,0
277,2.0,28.0,0.0,0.0,0.0,277,0,3,0
278,3.0,7.0,4.0,1.0,29.125,278,0,3,0
279,3.0,35.0,1.0,1.0,20.25,279,1,3,1
280,3.0,65.0,0.0,0.0,7.75,280,0,3,0
281,3.0,28.0,0.0,0.0,7.8542,281,0,3,0
282,3.0,16.0,0.0,0.0,9.5,282,0,3,0
283,3.0,19.0,0.0,0.0,8.05,283,0,3,1
284,1.0,28.0,0.0,0.0,26.0,284,0,50,0
285,3.0,33.0,0.0,0.0,8.6625,285,0,3,0
286,3.0,30.0,0.0,0.0,9.5,286,0,3,1
287,3.0,22.0,0.0,0.0,7.8958,287,0,3,0
288,2.0,42.0,0.0,0.0,13.0,288,0,3,1
289,3.0,22.0,0.0,0.0,7.75,289,1,3,1
290,1.0,26.0,0.0,0.0,78.85,290,1,3,1
291,1.0,19.0,1.0,0.0,91.0792,291,1,51,1
292,2.0,36.0,0.0,0.0,12.875,292,0,52,0
293,3.0,24.0,0.0,0.0,8.85,293,1,3,0
294,3.0,24.0,0.0,0.0,7.8958,294,0,3,0
295,1.0,28.0,0.0,0.0,27.7208,295,0,3,0
296,3.0,23.5,0.0,0.0,7.2292,296,0,3,0
297,1.0,2.0,1.0,2.0,151.55,297,1,53,0
298,1.0,28.0,0.0,0.0,30.5,298,0,54,1
299,1.0,50.0,0.0,1.0,247.5208,299,1,21,1
300,3.0,28.0,0.0,0.0,7.75,300,1,3,1
301,3.0,28.0,2.0,0.0,23.25,301,0,3,1
302,3.0,19.0,0.0,0.0,0.0,302,0,3,0
303,2.0,28.0,0.0,0.0,12.35,303,1,22,1
304,3.0,28.0,0.0,0.0,8.05,304,0,3,0
305,1.0,0.92,1.0,2.0,151.55,305,0,53,1
306,1.0,28.0,0.0,0.0,110.8833,306,1,3,1
307,1.0,17.0,1.0,0.0,108.9,307,1,55,1
308,2.0,30.0,1.0,0.0,24.0,308,0,3,0
309,1.0,30.0,0.0,0.0,56.9292,309,1,56,1
310,1.0,24.0,0.0,0.0,83.1583,310,1,57,1
311,1.0,18.0,2.0,2.0,262.375,311,1,58,1
312,2.0,26.0,1.0,1.0,26.0,312,1,3,0
313,3.0,28.0,0.0,0.0,7.8958,313,0,3,0
314,2.0,43.0,1.0,1.0,26.25,314,0,3,0
315,3.0,26.0,0.0,0.0,7.8542,315,1,3,1
316,2.0,24.0,1.0,0.0,26.0,316,1,3,1
317,2.0,54.0,0.0,0.0,14.0,317,0,3,0
318,1.0,31.0,0.0,2.0,164.8667,318,1,59,1
319,1.0,40.0,1.0,1.0,134.5,319,1,60,1
320,3.0,22.0,0.0,0.0,7.25,320,0,3,0
321,3.0,27.0,0.0,0.0,7.8958,321,0,3,0
322,2.0,30.0,0.0,0.0,12.35,322,1,3,1
323,2.0,22.0,1.0,1.0,29.0,323,1,3,1
324,3.0,28.0,8.0,2.0,69.55,324,0,3,0
325,1.0,36.0,0.0,0.0,135.6333,325,1,61,1
326,3.0,61.0,0.0,0.0,6.2375,326,0,3,0
327,2.0,36.0,0.0,0.0,13.0,327,1,52,1
328,3.0,31.0,1.0,1.0,20.525,328,1,3,1
329,1.0,16.0,0.0,1.0,57.9792,329,1,62,1
330,3.0,28.0,2.0,0.0,23.25,330,1,3,1
331,1.0,45.5,0.0,0.0,28.5,331,0,63,0
332,1.0,38.0,0.0,1.0,153.4625,332,0,64,0
333,3.0,16.0,2.0,0.0,18.0,333,0,3,0
334,1.0,28.0,1.0,0.0,133.65,334,1,3,1
335,3.0,28.0,0.0,0.0,7.8958,335,0,3,0
336,1.0,29.0,1.0,0.0,66.6,336,0,27,0
337,1.0,41.0,0.0,0.0,134.5,337,1,65,1
338,3.0,45.0,0.0,0.0,8.05,338,0,3,1
339,1.0,45.0,0.0,0.0,35.5,339,0,66,0
340,2.0,2.0,1.0,1.0,26.0,340,0,26,1
341,1.0,24.0,3.0,2.0,263.0,341,1,7,1
342,2.0,28.0,0.0,0.0,13.0,342,0,3,0
343,2.0,25.0,0.0,0.0,13.0,343,0,3,0
344,2.0,36.0,0.0,0.0,13.0,344,0,3,0
345,2.0,24.0,0.0,0.0,13.0,345,1,14,1
346,2.0,40.0,0.0,0.0,13.0,346,1,3,1
347,3.0,28.0,1.0,0.0,16.1,347,1,3,1
348,3.0,3.0,1.0,1.0,15.9,348,0,3,1
349,3.0,42.0,0.0,0.0,8.6625,349,0,3,0
350,3.0,23.0,0.0,0.0,9.225,350,0,3,0
351,1.0,28.0,0.0,0.0,35.0,351,0,67,0
352,3.0,15.0,1.0,1.0,7.2292,352,0,3,0
353,3.0,25.0,1.0,0.0,17.8,353,0,3,0
354,3.0,28.0,0.0,0.0,7.225,354,0,3,0
355,3.0,28.0,0.0,0.0,9.5,355,0,3,0
356,1.0,22.0,0.0,1.0,55.0,356,1,28,1
357,2.0,38.0,0.0,0.0,13.0,357,1,3,0
358,3.0,28.0,0.0,0.0,7.8792,358,1,3,1
359,3.0,28.0,0.0,0.0,7.8792,359,1,3,1
360,3.0,40.0,1.0,4.0,27.9,360,0,3,0
361,2.0,29.0,1.0,0.0,27.7208,361,0,3,0
362,3.0,45.0,0.0,1.0,14.4542,362,1,3,0
363,3.0,35.0,0.0,0.0,7.05,363,0,3,0
364,3.0,28.0,1.0,0.0,15.5,364,0,3,0
365,3.0,30.0,0.0,0.0,7.25,365,0,3,0
366,1.0,60.0,1.0,0.0,75.25,366,1,68,1
367,3.0,28.0,0.0,0.0,7.2292,367,1,3,1
368,3.0,28.0,0.0,0.0,7.75,368,1,3,1
369,1.0,24.0,0.0,0.0,69.3,369,1,69,1
370,1.0,25.0,1.0,0.0,55.4417,370,0,70,1
371,3.0,18.0,1.0,0.0,6.4958,371,0,3,0
372,3.0,19.0,0.0,0.0,8.05,372,0,3,0
373,1.0,22.0,0.0,0.0,135.6333,373,0,3,0
374,3.0,3.0,3.0,1.0,21.075,374,1,3,0
375,1.0,28.0,1.0,0.0,82.1708,375,1,3,1
376,3.0,22.0,0.0,0.0,7.25,376,1,3,1
377,1.0,27.0,0.0,2.0,211.5,377,0,71,0
378,3.0,20.0,0.0,0.0,4.0125,378,0,3,0
379,3.0,19.0,0.0,0.0,7.775,379,0,3,0
380,1.0,42.0,0.0,0.0,227.525,380,1,3,1
381,3.0,1.0,0.0,2.0,15.7417,381,1,3,1
382,3.0,32.0,0.0,0.0,7.925,382,0,3,0
383,1.0,35.0,1.0,0.0,52.0,383,1,3,1
384,3.0,28.0,0.0,0.0,7.8958,384,0,3,0
385,2.0,18.0,0.0,0.0,73.5,385,0,3,0
386,3.0,1.0,5.0,2.0,46.9,386,0,3,0
387,2.0,36.0,0.0,0.0,13.0,387,1,3,1
388,3.0,28.0,0.0,0.0,7.7292,388,0,3,0
389,2.0,17.0,0.0,0.0,12.0,389,1,3,1
390,1.0,36.0,1.0,2.0,120.0,390,0,72,1
391,3.0,21.0,0.0,0.0,7.7958,391,0,3,1
392,3.0,28.0,2.0,0.0,7.925,392,0,3,0
393,1.0,23.0,1.0,0.0,113.275,393,1,37,1
394,3.0,24.0,0.0,2.0,16.7,394,1,3,1
395,3.0,22.0,0.0,0.0,7.7958,395,0,3,0
396,3.0,31.0,0.0,0.0,7.8542,396,1,3,0
397,2.0,46.0,0.0,0.0,26.0,397,0,3,0
398,2.0,23.0,0.0,0.0,10.5,398,0,3,0
399,2.0,28.0,0.0,0.0,12.65,399,1,3,1
400,3.0,39.0,0.0,0.0,7.925,400,0,3,1
401,3.0,26.0,0.0,0.0,8.05,401,0,3,0
402,3.0,21.0,1.0,0.0,9.825,402,1,3,0
403,3.0,28.0,1.0,0.0,15.85,403,0,3,0
404,3.0,20.0,0.0,0.0,8.6625,404,1,3,0
405,2.0,34.0,1.0,0.0,21.0,405,0,3,0
406,3.0,51.0,0.0,0.0,7.75,406,0,3,0
407,2.0,3.0,1.0,1.0,18.75,407,0,3,1
408,3.0,21.0,0.0,0.0,7.775,408,0,3,0
409,3.0,28.0,3.0,1.0,25.4667,409,1,3,0
410,3.0,28.0,0.0,0.0,7.8958,410,0,3,0
411,3.0,28.0,0.0,0.0,6.8583,411,0,3,0
412,1.0,33.0,1.0,0.0,90.0,412,1,40,1
413,2.0,28.0,0.0,0.0,0.0,413,0,3,0
414,3.0,44.0,0.0,0.0,7.925,414,0,3,1
415,3.0,28.0,0.0,0.0,8.05,415,1,3,0
416,2.0,34.0,1.0,1.0,32.5,416,1,3,1
417,2.0,18.0,0.0,2.0,13.0,417,1,3,1
418,2.0,30.0,0.0,0.0,13.0,418,0,3,0
419,3.0,10.0,0.0,2.0,24.15,419,1,3,0
420,3.0,28.0,0.0,0.0,7.8958,420,0,3,0
421,3.0,21.0,0.0,0.0,7.7333,421,0,3,0
422,3.0,29.0,0.0,0.0,7.875,422,0,3,0
423,3.0,28.0,1.0,1.0,14.4,423,1,3,0
424,3.0,18.0,1.0,1.0,20.2125,424,0,3,0
425,3.0,28.0,0.0,0.0,7.25,425,0,3,0
426,2.0,28.0,1.0,0.0,26.0,426,1,3,1
427,2.0,19.0,0.0,0.0,26.0,427,1,3,1
428,3.0,28.0,0.0,0.0,7.75,428,0,3,0
429,3.0,32.0,0.0,0.0,8.05,429,0,73,1
430,1.0,28.0,0.0,0.0,26.55,430,0,11,1
431,3.0,28.0,1.0,0.0,16.1,431,1,3,1
432,2.0,42.0,1.0,0.0,26.0,432,1,3,1
433,3.0,17.0,0.0,0.0,7.125,433,0,3,0
434,1.0,50.0,1.0,0.0,55.9,434,0,74,0
435,1.0,14.0,1.0,2.0,120.0,435,1,72,1
436,3.0,21.0,2.0,2.0,34.375,436,1,3,0
437,2.0,24.0,2.0,3.0,18.75,437,1,3,1
438,1.0,64.0,1.0,4.0,263.0,438,0,7,0
439,2.0,31.0,0.0,0.0,10.5,439,0,3,0
440,2.0,45.0,1.0,1.0,26.25,440,1,3,1
441,3.0,20.0,0.0,0.0,9.5,441,0,3,0
442,3.0,25.0,1.0,0.0,7.775,442,0,3,0
443,2.0,28.0,0.0,0.0,13.0,443,1,3,1
444,3.0,28.0,0.0,0.0,8.1125,444,0,3,1
445,1.0,4.0,0.0,2.0,81.8583,445,0,75,1
446,2.0,13.0,0.0,1.0,19.5,446,1,3,1
447,1.0,34.0,0.0,0.0,26.55,447,0,3,1
448,3.0,5.0,2.0,1.0,19.2583,448,1,3,1
449,1.0,52.0,0.0,0.0,30.5,449,0,76,1
450,2.0,36.0,1.0,2.0,27.75,450,0,3,0
451,3.0,28.0,1.0,0.0,19.9667,451,0,3,0
452,1.0,30.0,0.0,0.0,27.75,452,0,77,0
453,1.0,49.0,1.0,0.0,89.1042,453,0,78,1
454,3.0,28.0,0.0,0.0,8.05,454,0,3,0
455,3.0,29.0,0.0,0.0,7.8958,455,0,3,1
456,1.0,65.0,0.0,0.0,26.55,456,0,79,0
457,1.0,28.0,1.0,0.0,51.8625,457,1,80,1
458,2.0,50.0,0.0,0.0,10.5,458,1,3,1
459,3.0,28.0,0.0,0.0,7.75,459,0,3,0
460,1.0,48.0,0.0,0.0,26.55,460,0,81,1
461,3.0,34.0,0.0,0.0,8.05,461,0,3,0
462,1.0,47.0,0.0,0.0,38.5,462,0,82,0
463,2.0,48.0,0.0,0.0,13.0,463,0,3,0
464,3.0,28.0,0.0,0.0,8.05,464,0,3,0
465,3.0,38.0,0.0,0.0,7.05,465,0,3,0
466,2.0,28.0,0.0,0.0,0.0,466,0,3,0
467,1.0,56.0,0.0,0.0,26.55,467,0,3,0
468,3.0,28.0,0.0,0.0,7.725,468,0,3,0
469,3.0,0.75,2.0,1.0,19.2583,469,1,3,1
470,3.0,28.0,0.0,0.0,7.25,470,0,3,0
471,3.0,38.0,0.0,0.0,8.6625,471,0,3,0
472,2.0,33.0,1.0,2.0,27.75,472,1,3,1
473,2.0,23.0,0.0,0.0,13.7917,473,1,52,1
474,3.0,22.0,0.0,0.0,9.8375,474,1,3,0
475,1.0,28.0,0.0,0.0,52.0,475,0,83,0
476,2.0,34.0,1.0,0.0,21.0,476,0,3,0
477,3.0,29.0,1.0,0.0,7.0458,477,0,3,0
478,3.0,22.0,0.0,0.0,7.5208,478,0,3,0
479,3.0,2.0,0.0,1.0,12.2875,479,1,3,1
480,3.0,9.0,5.0,2.0,46.9,480,0,3,0
481,2.0,28.0,0.0,0.0,0.0,481,0,3,0
482,3.0,50.0,0.0,0.0,8.05,482,0,3,0
483,3.0,63.0,0.0,0.0,9.5875,483,1,3,1
484,1.0,25.0,1.0,0.0,91.0792,484,0,51,1
485,3.0,28.0,3.0,1.0,25.4667,485,1,3,0
486,1.0,35.0,1.0,0.0,90.0,486,1,39,1
487,1.0,58.0,0.0,0.0,29.7,487,0,84,0
488,3.0,30.0,0.0,0.0,8.05,488,0,3,0
489,3.0,9.0,1.0,1.0,15.9,489,0,3,1
490,3.0,28.0,1.0,0.0,19.9667,490,0,3,0
491,3.0,21.0,0.0,0.0,7.25,491,0,3,0
492,1.0,55.0,0.0,0.0,30.5,492,0,85,0
493,1.0,71.0,0.0,0.0,49.5042,493,0,3,0
494,3.0,21.0,0.0,0.0,8.05,494,0,3,0
495,3.0,28.0,0.0,0.0,14.4583,495,0,3,0
496,1.0,54.0,1.0,0.0,78.2667,496,1,86,1
497,3.0,28.0,0.0,0.0,15.1,497,0,3,0
498,1.0,25.0,1.0,2.0,151.55,498,1,53,0
499,3.0,24.0,0.0,0.0,7.7958,499,0,3,0
500,3.0,17.0,0.0,0.0,8.6625,500,0,3,0
501,3.0,21.0,0.0,0.0,7.75,501,1,3,0
502,3.0,28.0,0.0,0.0,7.6292,502,1,3,0
503,3.0,37.0,0.0,0.0,9.5875,503,1,3,0
504,1.0,16.0,0.0,0.0,86.5,504,1,87,1
505,1.0,18.0,1.0,0.0,108.9,505,0,55,0
506,2.0,33.0,0.0,2.0,26.0,506,1,3,1
507,1.0,28.0,0.0,0.0,26.55,507,0,3,1
508,3.0,28.0,0.0,0.0,22.525,508,0,3,0
509,3.0,26.0,0.0,0.0,56.4958,509,0,3,1
510,3.0,29.0,0.0,0.0,7.75,510,0,3,1
511,3.0,28.0,0.0,0.0,8.05,511,0,3,0
512,1.0,36.0,0.0,0.0,26.2875,512,0,88,1
513,1.0,54.0,1.0,0.0,59.4,513,1,3,1
514,3.0,24.0,0.0,0.0,7.4958,514,0,3,0
515,1.0,47.0,0.0,0.0,34.0208,515,0,89,0
516,2.0,34.0,0.0,0.0,10.5,516,1,14,1
517,3.0,28.0,0.0,0.0,24.15,517,0,3,0
518,2.0,36.0,1.0,0.0,26.0,518,1,3,1
519,3.0,32.0,0.0,0.0,7.8958,519,0,3,0
520,1.0,30.0,0.0,0.0,93.5,520,1,90,1
521,3.0,22.0,0.0,0.0,7.8958,521,0,3,0
522,3.0,28.0,0.0,0.0,7.225,522,0,3,0
523,1.0,44.0,0.0,1.0,57.9792,523,1,62,1
524,3.0,28.0,0.0,0.0,7.2292,524,0,3,0
525,3.0,40.5,0.0,0.0,7.75,525,0,3,0
526,2.0,50.0,0.0,0.0,10.5,526,1,3,1
527,1.0,28.0,0.0,0.0,221.7792,527,0,91,0
528,3.0,39.0,0.0,0.0,7.925,528,0,3,0
529,2.0,23.0,2.0,1.0,11.5,529,0,3,0
530,2.0,2.0,1.0,1.0,26.0,530,1,3,1
531,3.0,28.0,0.0,0.0,7.2292,531,0,3,0
532,3.0,17.0,1.0,1.0,7.2292,532,0,3,0
533,3.0,28.0,0.0,2.0,22.3583,533,1,3,1
534,3.0,30.0,0.0,0.0,8.6625,534,1,3,0
535,2.0,7.0,0.0,2.0,26.25,535,1,3,1
536,1.0,45.0,0.0,0.0,26.55,536,0,92,0
537,1.0,30.0,0.0,0.0,106.425,537,1,3,1
538,3.0,28.0,0.0,0.0,14.5,538,0,3,0
539,1.0,22.0,0.0,2.0,49.5,539,1,93,1
540,1.0,36.0,0.0,2.0,71.0,540,1,94,1
541,3.0,9.0,4.0,2.0,31.275,541,1,3,0
542,3.0,11.0,4.0,2.0,31.275,542,1,3,0
543,2.0,32.0,1.0,0.0,26.0,543,0,3,1
544,1.0,50.0,1.0,0.0,106.425,544,0,95,0
545,1.0,64.0,0.0,0.0,26.0,545,0,3,0
546,2.0,19.0,1.0,0.0,26.0,546,1,3,1
547,2.0,28.0,0.0,0.0,13.8625,547,0,3,1
548,3.0,33.0,1.0,1.0,20.525,548,0,3,0
549,2.0,8.0,1.0,1.0,36.75,549,0,3,1
550,1.0,17.0,0.0,2.0,110.8833,550,0,96,1
551,2.0,27.0,0.0,0.0,26.0,551,0,3,0
552,3.0,28.0,0.0,0.0,7.8292,552,0,3,0
553,3.0,22.0,0.0,0.0,7.225,553,0,3,1
554,3.0,22.0,0.0,0.0,7.775,554,1,3,1
555,1.0,62.0,0.0,0.0,26.55,555,0,3,0
556,1.0,48.0,1.0,0.0,39.6,556,1,97,1
557,1.0,28.0,0.0,0.0,227.525,557,0,3,0
558,1.0,39.0,1.0,1.0,79.65,558,1,44,1
559,3.0,36.0,1.0,0.0,17.4,559,1,3,1
560,3.0,28.0,0.0,0.0,7.75,560,0,3,0
561,3.0,40.0,0.0,0.0,7.8958,561,0,3,0
562,2.0,28.0,0.0,0.0,13.5,562,0,3,0
563,3.0,28.0,0.0,0.0,8.05,563,0,3,0
564,3.0,28.0,0.0,0.0,8.05,564,1,3,0
565,3.0,24.0,2.0,0.0,24.15,565,0,3,0
566,3.0,19.0,0.0,0.0,7.8958,566,0,3,0
567,3.0,29.0,0.0,4.0,21.075,567,1,3,0
568,3.0,28.0,0.0,0.0,7.2292,568,0,3,0
569,3.0,32.0,0.0,0.0,7.8542,569,0,3,1
570,2.0,62.0,0.0,0.0,10.5,570,0,3,1
571,1.0,53.0,2.0,0.0,51.4792,571,1,98,1
572,1.0,36.0,0.0,0.0,26.3875,572,0,88,1
573,3.0,28.0,0.0,0.0,7.75,573,1,3,1
574,3.0,16.0,0.0,0.0,8.05,574,0,3,0
575,3.0,19.0,0.0,0.0,14.5,575,0,3,0
576,2.0,34.0,0.0,0.0,13.0,576,1,3,1
577,1.0,39.0,1.0,0.0,55.9,577,1,74,1
578,3.0,28.0,1.0,0.0,14.4583,578,1,3,0
579,3.0,32.0,0.0,0.0,7.925,579,0,3,1
580,2.0,25.0,1.0,1.0,30.0,580,1,3,1
581,1.0,39.0,1.0,1.0,110.8833,581,1,99,1
582,2.0,54.0,0.0,0.0,26.0,582,0,3,0
583,1.0,36.0,0.0,0.0,40.125,583,0,100,0
584,3.0,28.0,0.0,0.0,8.7125,584,0,3,0
585,1.0,18.0,0.0,2.0,79.65,585,1,101,1
586,2.0,47.0,0.0,0.0,15.0,586,0,3,0
587,1.0,60.0,1.0,1.0,79.2,587,0,102,1
588,3.0,22.0,0.0,0.0,8.05,588,0,3,0
589,3.0,28.0,0.0,0.0,8.05,589,0,3,0
590,3.0,35.0,0.0,0.0,7.125,590,0,3,0
591,1.0,52.0,1.0,0.0,78.2667,591,1,86,1
592,3.0,47.0,0.0,0.0,7.25,592,0,3,0
593,3.0,28.0,0.0,2.0,7.75,593,1,3,0
594,2.0,37.0,1.0,0.0,26.0,594,0,3,0
595,3.0,36.0,1.0,1.0,24.15,595,0,3,0
596,2.0,28.0,0.0,0.0,33.0,596,1,3,1
597,3.0,49.0,0.0,0.0,0.0,597,0,3,0
598,3.0,28.0,0.0,0.0,7.225,598,0,3,0
599,1.0,49.0,1.0,0.0,56.9292,599,0,103,1
600,2.0,24.0,2.0,1.0,27.0,600,1,3,1
601,3.0,28.0,0.0,0.0,7.8958,601,0,3,0
602,1.0,28.0,0.0,0.0,42.4,602,0,3,0
603,3.0,44.0,0.0,0.0,8.05,603,0,3,0
604,1.0,35.0,0.0,0.0,26.55,604,0,3,1
605,3.0,36.0,1.0,0.0,15.55,605,0,3,0
606,3.0,30.0,0.0,0.0,7.8958,606,0,3,0
607,1.0,27.0,0.0,0.0,30.5,607,0,3,1
608,2.0,22.0,1.0,2.0,41.5792,608,1,3,1
609,1.0,40.0,0.0,0.0,153.4625,609,1,46,1
610,3.0,39.0,1.0,5.0,31.275,610,1,3,0
611,3.0,28.0,0.0,0.0,7.05,611,0,3,0
612,3.0,28.0,1.0,0.0,15.5,612,1,3,1
613,3.0,28.0,0.0,0.0,7.75,613,0,3,0
614,3.0,35.0,0.0,0.0,8.05,614,0,3,0
615,2.0,24.0,1.0,2.0,65.0,615,1,3,1
616,3.0,34.0,1.0,1.0,14.4,616,0,3,0
617,3.0,26.0,1.0,0.0,16.1,617,1,3,0
618,2.0,4.0,2.0,1.0,39.0,618,1,32,1
619,2.0,26.0,0.0,0.0,10.5,619,0,3,0
620,3.0,27.0,1.0,0.0,14.4542,620,0,3,0
621,1.0,42.0,1.0,0.0,52.5542,621,0,104,1
622,3.0,20.0,1.0,1.0,15.7417,622,0,3,1
623,3.0,21.0,0.0,0.0,7.8542,623,0,3,0
624,3.0,21.0,0.0,0.0,16.1,624,0,3,0
625,1.0,61.0,0.0,0.0,32.3208,625,0,105,0
626,2.0,57.0,0.0,0.0,12.35,626,0,3,0
627,1.0,21.0,0.0,0.0,77.9583,627,1,106,1
628,3.0,26.0,0.0,0.0,7.8958,628,0,3,0
629,3.0,28.0,0.0,0.0,7.7333,629,0,3,0
630,1.0,80.0,0.0,0.0,30.0,630,0,107,1
631,3.0,51.0,0.0,0.0,7.0542,631,0,3,0
632,1.0,32.0,0.0,0.0,30.5,632,0,108,1
633,1.0,28.0,0.0,0.0,0.0,633,0,3,0
634,3.0,9.0,3.0,2.0,27.9,634,1,3,0
635,2.0,28.0,0.0,0.0,13.0,635,1,3,1
636,3.0,32.0,0.0,0.0,7.925,636,0,3,0
637,2.0,31.0,1.0,1.0,26.25,637,0,3,0
638,3.0,41.0,0.0,5.0,39.6875,638,1,3,0
639,3.0,28.0,1.0,0.0,16.1,639,0,3,0
640,3.0,20.0,0.0,0.0,7.8542,640,0,3,0
641,1.0,24.0,0.0,0.0,69.3,641,1,69,1
642,3.0,2.0,3.0,2.0,27.9,642,1,3,0
643,3.0,28.0,0.0,0.0,56.4958,643,0,3,1
644,3.0,0.75,2.0,1.0,19.2583,644,1,3,1
645,1.0,48.0,1.0,0.0,76.7292,645,0,9,1
646,3.0,19.0,0.0,0.0,7.8958,646,0,3,0
647,1.0,56.0,0.0,0.0,35.5,647,0,109,1
648,3.0,28.0,0.0,0.0,7.55,648,0,3,0
649,3.0,23.0,0.0,0.0,7.55,649,1,3,1
650,3.0,28.0,0.0,0.0,7.8958,650,0,3,0
651,2.0,18.0,0.0,1.0,23.0,651,1,3,1
652,3.0,21.0,0.0,0.0,8.4333,652,0,3,0
653,3.0,28.0,0.0,0.0,7.8292,653,1,3,1
654,3.0,18.0,0.0,0.0,6.75,654,1,3,0
655,2.0,24.0,2.0,0.0,73.5,655,0,3,0
656,3.0,28.0,0.0,0.0,7.8958,656,0,3,0
657,3.0,32.0,1.0,1.0,15.5,657,1,3,0
658,2.0,23.0,0.0,0.0,13.0,658,0,3,0
659,1.0,58.0,0.0,2.0,113.275,659,0,110,0
660,1.0,50.0,2.0,0.0,133.65,660,0,3,1
661,3.0,40.0,0.0,0.0,7.225,661,0,3,0
662,1.0,47.0,0.0,0.0,25.5875,662,0,111,0
663,3.0,36.0,0.0,0.0,7.4958,663,0,3,0
664,3.0,20.0,1.0,0.0,7.925,664,0,3,1
665,2.0,32.0,2.0,0.0,73.5,665,0,3,0
666,2.0,25.0,0.0,0.0,13.0,666,0,3,0
667,3.0,28.0,0.0,0.0,7.775,667,0,3,0
668,3.0,43.0,0.0,0.0,8.05,668,0,3,0
669,1.0,28.0,1.0,0.0,52.0,669,1,112,1
670,2.0,40.0,1.0,1.0,39.0,670,1,3,1
671,1.0,31.0,1.0,0.0,52.0,671,0,113,0
672,2.0,70.0,0.0,0.0,10.5,672,0,3,0
673,2.0,31.0,0.0,0.0,13.0,673,0,3,1
674,2.0,28.0,0.0,0.0,0.0,674,0,3,0
675,3.0,18.0,0.0,0.0,7.775,675,0,3,0
676,3.0,24.5,0.0,0.0,8.05,676,0,3,0
677,3.0,18.0,0.0,0.0,9.8417,677,1,3,1
678,3.0,43.0,1.0,6.0,46.9,678,1,3,0
679,1.0,36.0,0.0,1.0,512.3292,679,0,114,1
680,3.0,28.0,0.0,0.0,8.1375,680,1,3,0
681,1.0,27.0,0.0,0.0,76.7292,681,0,115,1
682,3.0,20.0,0.0,0.0,9.225,682,0,3,0
683,3.0,14.0,5.0,2.0,46.9,683,0,3,0
684,2.0,60.0,1.0,1.0,39.0,684,0,3,0
685,2.0,25.0,1.0,2.0,41.5792,685,0,3,0
686,3.0,14.0,4.0,1.0,39.6875,686,0,3,0
687,3.0,19.0,0.0,0.0,10.1708,687,0,3,0
688,3.0,18.0,0.0,0.0,7.7958,688,0,3,0
689,1.0,15.0,0.0,1.0,211.3375,689,1,116,1
690,1.0,31.0,1.0,0.0,57.0,690,0,117,1
691,3.0,4.0,0.0,1.0,13.4167,691,1,3,1
692,3.0,28.0,0.0,0.0,56.4958,692,0,3,1
693,3.0,25.0,0.0,0.0,7.225,693,0,3,0
694,1.0,60.0,0.0,0.0,26.55,694,0,3,0
695,2.0,52.0,0.0,0.0,13.5,695,0,3,0
696,3.0,44.0,0.0,0.0,8.05,696,0,3,0
697,3.0,28.0,0.0,0.0,7.7333,697,1,3,1
698,1.0,49.0,1.0,1.0,110.8833,698,0,99,0
699,3.0,42.0,0.0,0.0,7.65,699,0,118,0
700,1.0,18.0,1.0,0.0,227.525,700,1,119,1
701,1.0,35.0,0.0,0.0,26.2875,701,0,120,1
702,3.0,18.0,0.0,1.0,14.4542,702,1,3,0
703,3.0,25.0,0.0,0.0,7.7417,703,0,3,0
704,3.0,26.0,1.0,0.0,7.8542,704,0,3,0
705,2.0,39.0,0.0,0.0,26.0,705,0,3,0
706,2.0,45.0,0.0,0.0,13.5,706,1,3,1
707,1.0,42.0,0.0,0.0,26.2875,707,0,120,1
708,1.0,22.0,0.0,0.0,151.55,708,1,3,1
709,3.0,28.0,1.0,1.0,15.2458,709,0,3,1
710,1.0,24.0,0.0,0.0,49.5042,710,1,121,1
711,1.0,28.0,0.0,0.0,26.55,711,0,63,0
712,1.0,48.0,1.0,0.0,52.0,712,0,112,1
713,3.0,29.0,0.0,0.0,9.4833,713,0,3,0
714,2.0,52.0,0.0,0.0,13.0,714,0,3,0
715,3.0,19.0,0.0,0.0,7.65,715,0,15,0
716,1.0,38.0,0.0,0.0,227.525,716,1,122,1
717,2.0,27.0,0.0,0.0,10.5,717,1,22,1
718,3.0,28.0,0.0,0.0,15.5,718,0,3,0
719,3.0,33.0,0.0,0.0,7.775,719,0,3,0
720,2.0,6.0,0.0,1.0,33.0,720,1,3,1
721,3.0,17.0,1.0,0.0,7.0542,721,0,3,0
722,2.0,34.0,0.0,0.0,13.0,722,0,3,0
723,2.0,50.0,0.0,0.0,13.0,723,0,3,0
724,1.0,27.0,1.0,0.0,53.1,724,0,123,1
725,3.0,20.0,0.0,0.0,8.6625,725,0,3,0
726,2.0,30.0,3.0,0.0,21.0,726,1,3,1
727,3.0,28.0,0.0,0.0,7.7375,727,1,3,1
728,2.0,25.0,1.0,0.0,26.0,728,0,3,0
729,3.0,25.0,1.0,0.0,7.925,729,1,3,0
730,1.0,29.0,0.0,0.0,211.3375,730,1,116,1
731,3.0,11.0,0.0,0.0,18.7875,731,0,3,0
732,2.0,28.0,0.0,0.0,0.0,732,0,3,0
733,2.0,23.0,0.0,0.0,13.0,733,0,3,0
734,2.0,23.0,0.0,0.0,13.0,734,0,3,0
735,3.0,28.5,0.0,0.0,16.1,735,0,3,0
736,3.0,48.0,1.0,3.0,34.375,736,1,3,0
737,1.0,35.0,0.0,0.0,512.3292,737,0,124,1
738,3.0,28.0,0.0,0.0,7.8958,738,0,3,0
739,3.0,28.0,0.0,0.0,7.8958,739,0,3,0
740,1.0,28.0,0.0,0.0,30.0,740,0,125,1
741,1.0,36.0,1.0,0.0,78.85,741,0,126,0
742,1.0,21.0,2.0,2.0,262.375,742,1,58,1
743,3.0,24.0,1.0,0.0,16.1,743,0,3,0
744,3.0,31.0,0.0,0.0,7.925,744,0,3,1
745,1.0,70.0,1.0,1.0,71.0,745,0,94,0
746,3.0,16.0,1.0,1.0,20.25,746,0,3,0
747,2.0,30.0,0.0,0.0,13.0,747,1,3,1
748,1.0,19.0,1.0,0.0,53.1,748,0,127,0
749,3.0,31.0,0.0,0.0,7.75,749,0,3,0
750,2.0,4.0,1.0,1.0,23.0,750,1,3,1
751,3.0,6.0,0.0,1.0,12.475,751,0,128,1
752,3.0,33.0,0.0,0.0,9.5,752,0,3,0
753,3.0,23.0,0.0,0.0,7.8958,753,0,3,0
754,2.0,48.0,1.0,2.0,65.0,754,1,3,1
755,2.0,0.67,1.0,1.0,14.5,755,0,3,1
756,3.0,28.0,0.0,0.0,7.7958,756,0,3,0
757,2.0,18.0,0.0,0.0,11.5,757,0,3,0
758,3.0,34.0,0.0,0.0,8.05,758,0,3,0
759,1.0,33.0,0.0,0.0,86.5,759,1,43,1
760,3.0,28.0,0.0,0.0,14.5,760,0,3,0
761,3.0,41.0,0.0,0.0,7.125,761,0,3,0
762,3.0,20.0,0.0,0.0,7.2292,762,0,3,1
763,1.0,36.0,1.0,2.0,120.0,763,1,72,1
764,3.0,16.0,0.0,0.0,7.775,764,0,3,0
765,1.0,51.0,1.0,0.0,77.9583,765,1,129,1
766,1.0,28.0,0.0,0.0,39.6,766,0,3,0
767,3.0,30.5,0.0,0.0,7.75,767,1,3,0
768,3.0,28.0,1.0,0.0,24.15,768,0,3,0
769,3.0,32.0,0.0,0.0,8.3625,769,0,3,0
770,3.0,24.0,0.0,0.0,9.5,770,0,3,0
771,3.0,48.0,0.0,0.0,7.8542,771,0,3,0
772,2.0,57.0,0.0,0.0,10.5,772,1,130,0
773,3.0,28.0,0.0,0.0,7.225,773,0,3,0
774,2.0,54.0,1.0,3.0,23.0,774,1,3,1
775,3.0,18.0,0.0,0.0,7.75,775,0,3,0
776,3.0,28.0,0.0,0.0,7.75,776,0,131,0
777,3.0,5.0,0.0,0.0,12.475,777,1,3,1
778,3.0,28.0,0.0,0.0,7.7375,778,0,3,0
779,1.0,43.0,0.0,1.0,211.3375,779,1,132,1
780,3.0,13.0,0.0,0.0,7.2292,780,1,3,1
781,1.0,17.0,1.0,0.0,57.0,781,1,117,1
782,1.0,29.0,0.0,0.0,30.0,782,0,133,0
783,3.0,28.0,1.0,2.0,23.45,783,0,3,0
784,3.0,25.0,0.0,0.0,7.05,784,0,3,0
785,3.0,25.0,0.0,0.0,7.25,785,0,3,0
786,3.0,18.0,0.0,0.0,7.4958,786,1,3,1
787,3.0,8.0,4.0,1.0,29.125,787,0,3,0
788,3.0,1.0,1.0,2.0,20.575,788,0,3,1
789,1.0,46.0,0.0,0.0,79.2,789,0,134,0
790,3.0,28.0,0.0,0.0,7.75,790,0,3,0
791,2.0,16.0,0.0,0.0,26.0,791,0,3,0
792,3.0,28.0,8.0,2.0,69.55,792,1,3,0
793,1.0,28.0,0.0,0.0,30.6958,793,0,3,0
794,3.0,25.0,0.0,0.0,7.8958,794,0,3,0
795,2.0,39.0,0.0,0.0,13.0,795,0,3,0
796,1.0,49.0,0.0,0.0,25.9292,796,1,135,1
797,3.0,31.0,0.0,0.0,8.6833,797,1,3,1
798,3.0,30.0,0.0,0.0,7.2292,798,0,3,0
799,3.0,30.0,1.0,1.0,24.15,799,1,3,0
800,2.0,34.0,0.0,0.0,13.0,800,0,3,0
801,2.0,31.0,1.0,1.0,26.25,801,1,3,1
802,1.0,11.0,1.0,2.0,120.0,802,0,72,1
803,3.0,0.42,0.0,1.0,8.5167,803,0,3,1
804,3.0,27.0,0.0,0.0,6.975,804,0,3,1
805,3.0,31.0,0.0,0.0,7.775,805,0,3,0
806,1.0,39.0,0.0,0.0,0.0,806,0,136,0
807,3.0,18.0,0.0,0.0,7.775,807,1,3,0
808,2.0,39.0,0.0,0.0,13.0,808,0,3,0
809,1.0,33.0,1.0,0.0,53.1,809,1,123,1
810,3.0,26.0,0.0,0.0,7.8875,810,0,3,0
811,3.0,39.0,0.0,0.0,24.15,811,0,3,0
812,2.0,35.0,0.0,0.0,10.5,812,0,3,0
813,3.0,6.0,4.0,2.0,31.275,813,1,3,0
814,3.0,30.5,0.0,0.0,8.05,814,0,3,0
815,1.0,28.0,0.0,0.0,0.0,815,0,137,0
816,3.0,23.0,0.0,0.0,7.925,816,1,3,0
817,2.0,31.0,1.0,1.0,37.0042,817,0,3,0
818,3.0,43.0,0.0,0.0,6.45,818,0,3,0
819,3.0,10.0,3.0,2.0,27.9,819,0,3,0
820,1.0,52.0,1.0,1.0,93.5,820,1,138,1
821,3.0,27.0,0.0,0.0,8.6625,821,0,3,1
822,1.0,38.0,0.0,0.0,0.0,822,0,3,0
823,3.0,27.0,0.0,1.0,12.475,823,1,128,1
824,3.0,2.0,4.0,1.0,39.6875,824,0,3,0
825,3.0,28.0,0.0,0.0,6.95,825,0,3,0
826,3.0,28.0,0.0,0.0,56.4958,826,0,3,0
827,2.0,1.0,0.0,2.0,37.0042,827,0,3,1
828,3.0,28.0,0.0,0.0,7.75,828,0,3,1
829,1.0,62.0,0.0,0.0,80.0,829,1,12,1
830,3.0,15.0,1.0,0.0,14.4542,830,1,3,1
831,2.0,0.83,1.0,1.0,18.75,831,0,3,1
832,3.0,28.0,0.0,0.0,7.2292,832,0,3,0
833,3.0,23.0,0.0,0.0,7.8542,833,0,3,0
834,3.0,18.0,0.0,0.0,8.3,834,0,3,0
835,1.0,39.0,1.0,1.0,83.1583,835,1,139,1
836,3.0,21.0,0.0,0.0,8.6625,836,0,3,0
837,3.0,28.0,0.0,0.0,8.05,837,0,3,0
838,3.0,32.0,0.0,0.0,56.4958,838,0,3,1
839,1.0,28.0,0.0,0.0,29.7,839,0,140,1
840,3.0,20.0,0.0,0.0,7.925,840,0,3,0
841,2.0,16.0,0.0,0.0,10.5,841,0,3,0
842,1.0,30.0,0.0,0.0,31.0,842,1,3,1
843,3.0,34.5,0.0,0.0,6.4375,843,0,3,0
844,3.0,17.0,0.0,0.0,8.6625,844,0,3,0
845,3.0,42.0,0.0,0.0,7.55,845,0,3,0
846,3.0,28.0,8.0,2.0,69.55,846,0,3,0
847,3.0,35.0,0.0,0.0,7.8958,847,0,3,0
848,2.0,28.0,0.0,1.0,33.0,848,0,3,0
849,1.0,28.0,1.0,0.0,89.1042,849,1,78,1
850,3.0,4.0,4.0,2.0,31.275,850,0,3,0
851,3.0,74.0,0.0,0.0,7.775,851,0,3,0
852,3.0,9.0,1.0,1.0,15.2458,852,1,3,0
853,1.0,16.0,0.0,1.0,39.4,853,1,141,1
854,2.0,44.0,1.0,0.0,26.0,854,1,3,0
855,3.0,18.0,0.0,1.0,9.35,855,1,3,1
856,1.0,45.0,1.0,1.0,164.8667,856,1,3,1
857,1.0,51.0,0.0,0.0,26.55,857,0,142,1
858,3.0,24.0,0.0,3.0,19.2583,858,1,3,1
859,3.0,28.0,0.0,0.0,7.2292,859,0,3,0
860,3.0,41.0,2.0,0.0,14.1083,860,0,3,0
861,2.0,21.0,1.0,0.0,11.5,861,0,3,0
862,1.0,48.0,0.0,0.0,25.9292,862,1,135,1
863,3.0,28.0,8.0,2.0,69.55,863,1,3,0
864,2.0,24.0,0.0,0.0,13.0,864,0,3,0
865,2.0,42.0,0.0,0.0,13.0,865,1,3,1
866,2.0,27.0,1.0,0.0,13.8583,866,1,3,1
867,1.0,31.0,0.0,0.0,50.4958,867,0,143,0
868,3.0,28.0,0.0,0.0,9.5,868,0,3,0
869,3.0,4.0,1.0,1.0,11.1333,869,0,3,1
870,3.0,26.0,0.0,0.0,7.8958,870,0,3,0
871,1.0,47.0,1.0,1.0,52.5542,871,1,41,1
872,1.0,33.0,0.0,0.0,5.0,872,0,114,0
873,3.0,47.0,0.0,0.0,9.0,873,0,3,0
874,2.0,28.0,1.0,0.0,24.0,874,1,3,1
875,3.0,15.0,0.0,0.0,7.225,875,1,3,1
876,3.0,20.0,0.0,0.0,9.8458,876,0,3,0
877,3.0,19.0,0.0,0.0,7.8958,877,0,3,0
878,3.0,28.0,0.0,0.0,7.8958,878,0,3,0
879,1.0,56.0,0.0,1.0,83.1583,879,1,144,1
880,2.0,25.0,0.0,1.0,26.0,880,1,3,1
881,3.0,33.0,0.0,0.0,7.8958,881,0,3,0
882,3.0,22.0,0.0,0.0,10.5167,882,1,3,0
883,2.0,28.0,0.0,0.0,10.5,883,0,3,0
884,3.0,25.0,0.0,0.0,7.05,884,0,3,0
885,3.0,39.0,0.0,5.0,29.125,885,1,3,0
886,2.0,27.0,0.0,0.0,13.0,886,0,3,0
887,1.0,19.0,0.0,0.0,30.0,887,1,145,1
888,3.0,28.0,1.0,2.0,23.45,888,1,3,0
889,1.0,26.0,0.0,0.0,30.0,889,0,146,1
890,3.0,32.0,0.0,0.0,7.75,890,0,3,0
